,Eugly,Eugly.CI,Hygly,Hygly.CI,Diff,Diff.CI,Diff.p.value
K1,12.6716491198392,1.10130368422551,6.60986527956813,1.08735954735702,-6.06178384017339,1.02809694224242,5.18172821485269e-08
k2,0.306097091399455,0.0452425123695735,0.215448896082297,0.0446192421078056,-0.0906481953171287,0.053284512614836,0.00324164064753348
k3,0.167996715450771,0.0232898321542471,0.0723660883827985,0.0231702947633871,-0.0956306270681328,0.0326836292015624,4.80803503842961e-05
k4,0.0139550085173819,0.0029774930731235,0.0263219428490109,0.00297749307031167,0.012366934331629,0.00434818298861231,6.17352971438112e-05
Vb,4.86474914797943,0.682380258301622,4.66158728617934,0.679076666169407,-0.203161861803844,0.960199636959779,0.650521513185079
CMRglc,30.7001350302423,2.06812044439087,33.5365123440585,2.04625208856536,2.83637731378527,2.70601267862216,0.0415159307823617
